{
    "data": {
        "0": [
            0.417022004702574,
            0.2796755065578419
        ],
        "1": [
            0.00011437481734488664,
            0.6976674273681602
        ],
        "2": [
            0.0923385947687978,
            0.853244109182887
        ],
        "3": [
            0.1862602113776709,
            0.6544392729569523
        ],
        "4": [
            0.39676747423066994,
            0.46118326599664305
        ],
        "5": [
            0.4191945144032948,
            0.3147804996032405
        ],
        "6": [
            0.20445224973151743,
            0.12188256360905458
        ],
        "7": [
            0.027387593197926163,
            0.3295324898215978
        ],
        "8": [
            0.41730480236712697,
            0.44131017155424834
        ],
        "9": [
            0.14038693859523377,
            0.8018985109151212
        ],
        "10": [
            0.8007445686755367,
            0.03173842428060247
        ],
        "11": [
            0.31342417815924284,
            0.3076773843306859
        ],
        "12": [
            0.8763891522960383,
            0.10539333649615268
        ],
        "13": [
            0.03905478323288236,
            0.9149557886302221
        ],
        "14": [
            0.1698304195645689,
            0.12185749657058687
        ],
        "15": [
            0.0983468338330501,
            0.5788923749949478
        ],
        "16": [
            0.5331652849730171,
            0.04211046984949807
        ],
        "17": [
            0.31551563100606295,
            0.30812288604952665
        ],
        "18": [
            0.6865009276815837,
            0.1653743281026271
        ],
        "19": [
            0.018288277344191806,
            0.24985568505503253
        ]
    },
    "contrast": 0.3,
    "labels_size": 15,
    "color": "b",
    "marker": "o",
    "marker_size": 15.0,
    "label": "ifs01_ax01"
}